Position,Strand,Sequence,PAM,Specificity Score,Efficiency Score
24,-1,CAGTCTTGAGCACATGGGAG,GGG,27.5618605,53.9466351
25,-1,CCAGTCTTGAGCACATGGGA,GGG,38.9937941,63.31381743
26,-1,GCCAGTCTTGAGCACATGGG,AGG,37.4733844,61.63847263
29,-1,AGCGCCAGTCTTGAGCACAT,GGG,42.7663821,67.92200454
30,-1,TAGCGCCAGTCTTGAGCACA,TGG,41.0634328,50.31323279
36,1,CCCTCCCATGTGCTCAAGAC,TGG,40.6189304,42.05264823
82,1,AAAGTCTAGAGCCACCGTCC,AGG,46.4415479,55.90555153
82,-1,GCTACCTGCTCCCTGGACGG,TGG,39.5130706,59.54026397
83,1,AAGTCTAGAGCCACCGTCCA,GGG,45.6507176,56.28414812
85,-1,GCAGCTACCTGCTCCCTGGA,CGG,31.8222708,59.67683994
89,1,AGAGCCACCGTCCAGGGAGC,AGG,32.9264122,42.28349918
89,-1,CCCAGCAGCTACCTGCTCCC,TGG,30.6522608,44.81669279
99,1,TCCAGGGAGCAGGTAGCTGC,TGG,36.165652,33.61666131
100,1,CCAGGGAGCAGGTAGCTGCT,GGG,36.4274974,54.27468756
106,1,AGCAGGTAGCTGCTGGGCTC,CGG,31.2717087,33.80077578
107,1,GCAGGTAGCTGCTGGGCTCC,GGG,31.8527177,30.5649147
108,1,CAGGTAGCTGCTGGGCTCCG,GGG,32.4254673,55.47977011
114,-1,GCCCGAACGCAAAGTGTCCC,CGG,44.8568147,49.6912098
123,1,CTCCGGGGACACTTTGCGTT,CGG,46.6361452,34.67011579
124,1,TCCGGGGACACTTTGCGTTC,GGG,45.9638111,33.21610978
128,1,GGGACACTTTGCGTTCGGGC,TGG,49.0304939,28.75627722
129,1,GGACACTTTGCGTTCGGGCT,GGG,48.045606,38.00739666
148,1,TGGGAGCGTGCTTTCCACGA,CGG,46.6214172,64.16473409
151,-1,AGGGAAGCGTGTCACCGTCG,TGG,48.6504573,64.0854512
164,1,ACGACGGTGACACGCTTCCC,TGG,47.7761907,43.1828211
169,1,GGTGACACGCTTCCCTGGAT,TGG,43.5641694,41.56923138
10938,-1,CAGTGACCCGGAAGGCAGTC,TGG,39.5844851,43.74513567
10946,-1,CTCCATGGCAGTGACCCGGA,AGG,41.511805,59.54503907
10950,-1,GCTCCTCCATGGCAGTGACC,CGG,36.2249314,56.9740898
10955,1,TGCCTTCCGGGTCACTGCCA,TGG,37.0548891,43.60058307
10958,1,CTTCCGGGTCACTGCCATGG,AGG,38.8279125,62.623019
10961,-1,ATCTGACTGCGGCTCCTCCA,TGG,39.3609642,53.24385437
10972,-1,TCGACGCTAGGATCTGACTG,CGG,47.5916083,72.35542361
10984,-1,CTCAGAGGGGGCTCGACGCT,AGG,46.9470954,48.58181766
10996,-1,AATGTTTCCTGACTCAGAGG,GGG,35.4104216,66.94281642
10997,-1,AAATGTTTCCTGACTCAGAG,GGG,33.3099899,70.0623182
10998,-1,AAAATGTTTCCTGACTCAGA,GGG,34.9449859,58.6153281
10999,-1,GAAAATGTTTCCTGACTCAG,AGG,34.5631423,60.71430378
11000,1,CGTCGAGCCCCCTCTGAGTC,AGG,42.2607934,45.23223935
11020,1,AGGAAACATTTTCAGACCTA,TGG,32.882209,43.59321829
11286,-1,CATTGCTTGGGACGGCAAGG,GGG,45.441709,68.23189275
11287,-1,CCATTGCTTGGGACGGCAAG,GGG,46.3599255,56.34903679
11288,-1,TCCATTGCTTGGGACGGCAA,GGG,47.3365894,53.97640211
11289,-1,ATCCATTGCTTGGGACGGCA,AGG,46.6153615,48.71824224
11294,-1,AAATCATCCATTGCTTGGGA,CGG,39.4017801,65.35466113
11298,1,CCCCTTGCCGTCCCAAGCAA,TGG,42.3791328,49.95475481
11298,-1,CATCAAATCATCCATTGCTT,GGG,36.2015424,54.93132009
11299,-1,GCATCAAATCATCCATTGCT,TGG,39.4063154,49.30264621
11319,1,GGATGATTTGATGCTGTCCC,CGG,39.1475844,51.16566649
11325,-1,CCATTGTTCAATATCGTCCG,GGG,49.2471691,72.38280284
11326,-1,ACCATTGTTCAATATCGTCC,GGG,46.4685658,53.39089963
11327,-1,AACCATTGTTCAATATCGTC,CGG,47.1576323,49.12135632
11336,1,CCCCGGACGATATTGAACAA,TGG,47.6722509,67.25051445
11353,1,CAATGGTTCACTGAAGACCC,AGG,39.3473016,69.82961515
11359,-1,TGGGAGCTTCATCTGGACCT,GGG,40.0568764,60.99166678
11360,-1,CTGGGAGCTTCATCTGGACC,TGG,38.31374,36.3899081
11366,-1,GGCATTCTGGGAGCTTCATC,TGG,39.9502484,34.94769196
11378,-1,GGAGCAGCCTCTGGCATTCT,GGG,35.9352957,28.24925473
11379,-1,GGGAGCAGCCTCTGGCATTC,TGG,27.5927017,20.97602095
11382,1,TGAAGCTCCCAGAATGCCAG,AGG,34.9545588,67.76327206
11387,-1,gccACGGGGGGAGCAGCCTC,TGG,56.0213305,36.6883044
11397,1,GCCAGAGGCTGCTCCCCCCG,Tgg,62.8951409,59.70154983
11399,-1,gctggtgcaggggccACGGG,GGG,44.2630582,48.51059886
11400,-1,tgctggtgcaggggccACGG,GGG,48.2224783,52.55696049
11401,-1,ctgctggtgcaggggccACG,GGG,50.6086512,44.4247737
11402,-1,gctgctggtgcaggggccAC,GGG,46.3990884,38.19058802
11403,-1,agctgctggtgcaggggccA,CGG,39.4069317,34.60966123
11409,-1,tgtaggagctgctggtgcag,ggg,36.9584033,62.73890234
11410,-1,gtgtaggagctgctggtgca,ggg,43.1367175,48.98788511
11411,-1,ggtgtaggagctgctggtgc,agg,39.4297864,38.23468274
11417,-1,gccgccggtgtaggagctgc,tgg,63.9793386,47.83052003
11424,1,tgcaccagcagctcctacac,cgg,47.6013456,64.94945657
11426,-1,ggtgcaggggccgccggtgt,agg,72.1270391,49.64885835
11427,1,accagcagctcctacaccgg,cgg,77.1398029,70.27618904
11432,-1,GGGgctggtgcaggggccgc,cgg,45.4057939,29.04999337
11439,-1,CCAGGAGGGGgctggtgcag,ggg,41.6554975,41.24192078
11440,-1,GCCAGGAGGGGgctggtgca,ggg,37.6108459,39.45840591
11441,-1,GGCCAGGAGGGGgctggtgc,agg,25.748246,28.82655192
11447,-1,GACAGGGGCCAGGAGGGGgc,tgg,33.5816948,43.46580998
11450,1,cccctgcaccagcCCCCTCC,TGG,34.7903065,41.23290393
11451,-1,AGATGACAGGGGCCAGGAGG,GGg,34.219145,52.9751158
11452,-1,AAGATGACAGGGGCCAGGAG,GGG,27.564795,58.15086368
11453,-1,GAAGATGACAGGGGCCAGGA,GGG,25.3917143,59.36431546
11454,-1,AGAAGATGACAGGGGCCAGG,AGG,29.6267359,46.37864567
11457,-1,GACAGAAGATGACAGGGGCC,AGG,32.9592272,58.2862936
11462,-1,GAAGGGACAGAAGATGACAG,GGG,29.852929,78.47512312
11463,-1,GGAAGGGACAGAAGATGACA,GGG,30.2014696,63.00151081
11464,-1,GGGAAGGGACAGAAGATGAC,AGG,31.3294281,48.81165526
11479,-1,CCTGGTAGGTTTTCTGGGAA,GGG,33.5121935,52.89339883
11480,-1,CCCTGGTAGGTTTTCTGGGA,AGG,33.728492,43.77834223
11484,-1,GCTGCCCTGGTAGGTTTTCT,GGG,31.3379268,35.76415744
11485,-1,AGCTGCCCTGGTAGGTTTTC,TGG,41.2370776,9.548264632
11490,1,CCCTTCCCAGAAAACCTACC,AGG,38.5462618,44.77915367
11491,1,CCTTCCCAGAAAACCTACCA,GGG,28.014089,63.85637541
11493,-1,GAAACCGTAGCTGCCCTGGT,AGG,42.1344805,65.64917612
11497,-1,GACGGAAACCGTAGCTGCCC,TGG,44.9322722,52.18546158
11500,1,AAAACCTACCAGGGCAGCTA,CGG,40.2832365,53.23605208
11511,1,GGGCAGCTACGGTTTCCGTC,TGG,48.4994874,39.86299554
11512,1,GGCAGCTACGGTTTCCGTCT,GGG,46.2749206,46.81850797
11515,-1,CAGAATGCAAGAAGCCCAGA,CGG,34.1686711,59.34298786
11527,1,CGTCTGGGCTTCTTGCATTC,TGG,42.3258723,12.78572997
11528,1,GTCTGGGCTTCTTGCATTCT,GGG,38.0659925,20.64294418
12325,-1,AAACATCTTGTTGAGGGCAG,GGG,35.3372216,57.60719693
12326,-1,AAAACATCTTGTTGAGGGCA,GGG,35.7220013,52.48819964
12327,-1,CAAAACATCTTGTTGAGGGC,AGG,41.6301665,43.18074514
12331,-1,TTGGCAAAACATCTTGTTGA,GGG,37.2924012,49.30998674
12332,-1,GTTGGCAAAACATCTTGTTG,AGG,37.5747279,55.80093326
12346,1,CAACAAGATGTTTTGCCAAC,TGG,39.9069319,38.86862185
12350,-1,CAGGGCAGGTCTTGGCCAGT,TGG,35.8713619,59.38424825
12358,-1,CAGCTGCACAGGGCAGGTCT,TGG,30.6114735,57.02120972
12364,-1,AACCCACAGCTGCACAGGGC,AGG,24.31691,57.19858658
12368,-1,AATCAACCCACAGCTGCACA,GGG,36.484196,69.74859368
12369,-1,GAATCAACCCACAGCTGCAC,AGG,39.7695194,49.51599718
12372,1,AGACCTGCCCTGTGCAGCTG,TGG,28.8916425,46.26835791
12373,1,GACCTGCCCTGTGCAGCTGT,GGG,33.6980988,54.48345
12391,-1,GCGGGTGCCGGGCGGGGGTG,TGG,24.3092519,26.74769094
12395,1,GTTGATTCCACACCCCCGCC,CGG,43.0661466,57.38197497
12396,-1,CGGACGCGGGTGCCGGGCGG,GGG,36.4627301,26.60911627
12397,-1,GCGGACGCGGGTGCCGGGCG,GGG,36.8460524,17.89772782
12398,-1,CGCGGACGCGGGTGCCGGGC,GGG,39.5478491,21.71363059
12399,-1,GCGCGGACGCGGGTGCCGGG,CGG,37.072169,32.77555685
12402,-1,ATGGCGCGGACGCGGGTGCC,GGG,44.050828,37.67556026
12403,-1,CATGGCGCGGACGCGGGTGC,CGG,44.7755881,29.9758325
12409,-1,GATGGCCATGGCGCGGACGC,GGG,46.4900263,53.34670949
12410,-1,AGATGGCCATGGCGCGGACG,CGG,47.1349608,49.81105884
12415,1,CGGCACCCGCGTCCGCGCCA,TGG,45.526976,39.86529862
12416,-1,GCTTGTAGATGGCCATGGCG,CGG,43.3523783,65.67662811
12421,-1,TGACTGCTTGTAGATGGCCA,TGG,41.7117307,58.23387518
12427,-1,GTGCTGTGACTGCTTGTAGA,TGG,40.0873113,52.39845808
12445,1,CAAGCAGTCACAGCACATGA,CGG,38.3552131,73.40295519
12448,1,GCAGTCACAGCACATGACGG,AGG,43.2100123,79.36350373
12456,1,AGCACATGACGGAGGTTGTG,AGG,42.3142501,60.14121473
12473,-1,CTGAGCAGCGCTCATGGTGG,GGG,40.344314,53.8346407
12474,-1,TCTGAGCAGCGCTCATGGTG,GGG,40.377764,57.70714432
12475,-1,ATCTGAGCAGCGCTCATGGT,GGG,44.8164282,47.90580976
12476,-1,TATCTGAGCAGCGCTCATGG,TGG,45.9911471,68.7073149
12479,-1,CGCTATCTGAGCAGCGCTCA,TGG,46.8365911,48.32315461
12592,-1,TCGGATAAGATGCTGAGGAG,GGG,35.8889462,71.79551098
12593,-1,CTCGGATAAGATGCTGAGGA,GGG,37.1145913,57.54431784
12594,-1,ACTCGGATAAGATGCTGAGG,AGG,38.7115009,62.36240995
12597,-1,TCCACTCGGATAAGATGCTG,AGG,43.6740334,62.59272343
12607,1,TCCTCAGCATCTTATCCGAG,TGG,46.0756232,70.4990496
12611,1,CAGCATCTTATCCGAGTGGA,AGG,46.4262298,58.87073061
12611,-1,CACGCAAATTTCCTTCCACT,CGG,37.9146332,55.5356957
12625,1,AGTGGAAGGAAATTTGCGTG,TGG,39.6515807,66.69630558
12634,1,AAATTTGCGTGTGGAGTATT,TGG,40.4715858,34.12670776
12664,1,AAACACTTTTCGACATAGTG,TGG,43.4689089,64.56693046
12667,1,CACTTTTCGACATAGTGTGG,TGG,45.0502412,64.87977521
13283,-1,CATGTAGTTGTAGTGGATGG,TGG,41.8005249,71.49272068
13286,-1,ACACATGTAGTTGTAGTGGA,TGG,29.8200121,58.10181494
13290,-1,TGTTACACATGTAGTTGTAG,TGG,41.1758672,63.47979589
13313,1,CATGTGTAACAGTTCCTGCA,TGG,40.6024245,59.13461879
13314,1,ATGTGTAACAGTTCCTGCAT,GGG,40.3493786,64.52778625
13316,-1,CCGGTTCATGCCGCCCATGC,AGG,46.8607417,48.69865893
13317,1,TGTAACAGTTCCTGCATGGG,CGG,41.4356675,68.32717511
13327,1,CCTGCATGGGCGGCATGAAC,CGG,44.2702242,49.89851962
13330,1,GCATGGGCGGCATGAACCGG,AGG,46.5449222,57.66654409
13335,-1,TGATGGTGAGGATGGGCCTC,CGG,35.9931324,53.68295748
13342,-1,AGTGTGATGATGGTGAGGAT,GGG,24.3872436,59.522095
13343,-1,CAGTGTGATGATGGTGAGGA,TGG,23.8302608,49.37641837
13347,-1,CTTCCAGTGTGATGATGGTG,AGG,37.0701559,64.19082104
13352,-1,GGAGTCTTCCAGTGTGATGA,TGG,39.1380967,56.66452
13355,1,CATCCTCACCATCATCACAC,TGG,36.3655786,66.23840211
13740,1,ACTGGGACGGAACAGCTTTG,AGG,39.3068707,47.25754553
13762,1,GTGCGTGTTTGTGCCTGTCC,TGG,41.3782653,37.37769683
13763,1,TGCGTGTTTGTGCCTGTCCT,GGG,35.8198689,49.92622877
13764,-1,GCGCCGGTCTCTCCCAGGAC,AGG,32.3803232,47.43854108
13769,-1,TCTGTGCGCCGGTCTCTCCC,AGG,38.2729987,46.80030352
13772,1,GTGCCTGTCCTGGGAGAGAC,CGG,32.6645232,49.54899085
13780,-1,GATTCTCTTCCTCTGTGCGC,CGG,42.3796888,53.83586183
13782,1,TGGGAGAGACCGGCGCACAG,AGG,45.0144839,67.4729118
13804,1,GAAGAGAATCTCCGCAAGAA,AGG,44.057644,49.51492214
13804,-1,GGTGAGGCTCCCCTTTCTTG,CGG,39.0419072,56.61602115
13805,1,AAGAGAATCTCCGCAAGAAA,GGG,39.030421,39.82491467
13806,1,AGAGAATCTCCGCAAGAAAG,GGG,38.2753956,60.80877007
13820,-1,CCTGGGGGCAGCTCGTGGTG,AGG,39.2382175,54.98407762
13825,-1,TGCTCCCTGGGGGCAGCTCG,TGG,34.6585764,44.77180732
13831,1,CCTCACCACGAGCTGCCCCC,AGG,34.886566,36.53542431
13832,1,CTCACCACGAGCTGCCCCCA,GGG,32.6645409,51.26040047
13954,-1,GGAGAGGAGCTGGTGTTGTT,GGG,37.2081041,34.06619985
13955,-1,GGGAGAGGAGCTGGTGTTGT,TGG,32.9869721,24.45227951
13964,-1,CTTTGGCTGGGGAGAGGAGC,TGG,25.4805359,31.73535116
13970,-1,TTTCTTCTTTGGCTGGGGAG,AGG,23.0933821,42.11416041
13975,-1,AGTGGTTTCTTCTTTGGCTG,GGG,34.2954614,42.1628369
13976,-1,CAGTGGTTTCTTCTTTGGCT,GGG,34.3383709,31.59312779
13977,-1,CCAGTGGTTTCTTCTTTGGC,TGG,37.8941603,27.31385818
13981,-1,CCATCCAGTGGTTTCTTCTT,TGG,33.6906695,18.39967817
13988,1,CCAGCCAAAGAAGAAACCAC,TGG,31.2339278,56.08705049
13992,1,CCAAAGAAGAAACCACTGGA,TGG,32.2995359,52.87719667
13993,-1,GTGAAATATTCTCCATCCAG,TGG,38.7950373,61.25986625
16844,-1,TCTCGAAGCGCTCACGCCCA,CGG,47.9437321,49.913756
16871,-1,CCAAGGCCTCATTCAGCTCT,CGG,37.0338041,46.36540769
16876,1,GATGTTCCGAGAGCTGAATG,AGG,38.8651653,59.64632194
16882,1,CCGAGAGCTGAATGAGGCCT,TGG,36.9438392,37.79889781
16888,-1,CTGGGCATCCTTGAGTTCCA,AGG,36.781506,42.12229379
16891,1,GAATGAGGCCTTGGAACTCA,AGG,36.393566,50.74761971
16900,1,CTTGGAACTCAAGGATGCCC,AGG,40.4132585,43.74874169
16904,1,GAACTCAAGGATGCCCAGGC,TGG,36.5624658,43.25593847
16905,1,AACTCAAGGATGCCCAGGCT,GGG,36.4590466,50.50276531
16906,-1,CCCTGGCTCCTTCCCAGCCT,GGG,25.7023153,29.70185932
16907,-1,CCCCTGGCTCCTTCCCAGCC,TGG,24.7819065,27.18086343
16909,1,CAAGGATGCCCAGGCTGGGA,AGG,28.7746883,44.76726619
16916,1,GCCCAGGCTGGGAAGGAGCC,AGG,26.4377419,34.5074464
16917,1,CCCAGGCTGGGAAGGAGCCA,GGG,26.9191572,40.16862922
16918,1,CCAGGCTGGGAAGGAGCCAG,GGG,22.0139606,41.23501072
16919,1,CAGGCTGGGAAGGAGCCAGG,GGG,22.2156887,48.3852774
16920,1,AGGCTGGGAAGGAGCCAGGG,GGG,17.737787,46.32790764
16923,-1,GAGTGAGCCCTGCTCCCCCC,TGG,36.2215104,36.62300649
16926,1,GGAAGGAGCCAGGGGGGAGC,AGG,33.1020905,23.22161379
16927,1,GAAGGAGCCAGGGGGGAGCA,GGG,30.8659287,45.81890717
17867,-1,GACCCTTTTTGGACTTCAGG,TGG,40.6025297,37.69646719
17870,-1,ACTGACCCTTTTTGGACTTC,AGG,42.0720267,27.76341439
17878,-1,GGAGGTAGACTGACCCTTTT,TGG,44.4115197,20.77219391
17896,-1,CATGAGTTTTTTATGGCGGG,AGG,44.2063737,46.95430277
17899,-1,GAACATGAGTTTTTTATGGC,GGG,38.5800284,42.51941293
17900,-1,TGAACATGAGTTTTTTATGG,CGG,33.0030185,31.14114169
17903,-1,TCTTGAACATGAGTTTTTTA,TGG,31.7048866,7.460848466
17921,1,AAACTCATGTTCAAGACAGA,AGG,34.0005853,31.36948195
17922,1,AACTCATGTTCAAGACAGAA,GGG,32.3337495,34.10673351
17934,-1,GGAGAATGTCAGTCTGAGTC,AGG,38.588129,24.74164187
17955,-1,TGTCAGTGGGGAACAAGAAG,TGG,34.7146162,56.16158391
17967,-1,GGGGTGGGAGGCTGTCAGTG,GGG,30.7306054,43.38256688
17968,-1,GGGGGTGGGAGGCTGTCAGT,GGG,31.3255163,51.9236011
17969,-1,TGGGGGTGGGAGGCTGTCAG,TGG,20.5460296,31.19114288
17979,-1,GAGGGAGAGATGGGGGTGGG,AGG,14.1620651,39.42168324
17982,-1,GGGGAGGGAGAGATGGGGGT,GGG,17.95367,51.3028871
17983,-1,AGGGGAGGGAGAGATGGGGG,TGG,14.2426166,39.16218001
17986,-1,GGCAGGGGAGGGAGAGATGG,GGG,17.8994953,43.50507578
17987,-1,TGGCAGGGGAGGGAGAGATG,GGG,18.1115955,50.24669986
17988,-1,ATGGCAGGGGAGGGAGAGAT,GGG,23.4124672,39.71579925
17989,-1,AATGGCAGGGGAGGGAGAGA,TGG,14.5944419,37.62887734
17997,-1,AAACCCAAAATGGCAGGGGA,GGG,32.0322041,55.75782148
17998,-1,AAAACCCAAAATGGCAGGGG,AGG,31.1102402,54.47131302
18001,-1,CCCAAAACCCAAAATGGCAG,GGG,33.8734501,54.14077586
18002,-1,ACCCAAAACCCAAAATGGCA,GGG,33.6928329,57.81191952
18003,-1,GACCCAAAACCCAAAATGGC,AGG,38.2464836,48.5561488
18004,1,CTCTCCCTCCCCTGCCATTT,TGG,24.3485057,3.819088002
18005,1,TCTCCCTCCCCTGCCATTTT,GGG,33.068543,11.46722216
18007,-1,CAAAGACCCAAAACCCAAAA,TGG,34.3299305,39.64781431
18011,1,TCCCCTGCCATTTTGGGTTT,TGG,34.6025644,6.72030057
18012,1,CCCCTGCCATTTTGGGTTTT,GGG,26.7997191,3.692406248
18032,-1,CGCACACCTATTGCAAGCAA,GGG,41.3359503,60.99348817
18033,-1,ACGCACACCTATTGCAAGCA,AGG,45.5042923,58.19368418
18037,1,TTTGAACCCTTGCTTGCAAT,AGG,41.2029743,42.34083053
18058,1,GGTGTGCGTCAGAAGCACCC,AGG,41.7542848,68.496573
18064,-1,ACAAAGCAAATGGAAGTCCT,GGG,33.7356066,62.31070127
18065,-1,GACAAAGCAAATGGAAGTCC,TGG,34.1082118,45.12664209
18074,-1,GAGCCCCGGGACAAAGCAAA,TGG,40.0632031,54.15777602
18080,1,GACTTCCATTTGCTTTGTCC,CGG,34.8416109,39.44949533
18081,1,ACTTCCATTTGCTTTGTCCC,GGG,26.1361501,40.32323136
18082,1,CTTCCATTTGCTTTGTCCCG,GGG,39.1850394,52.19289748
18087,-1,AACTTGTTCAGTGGAGCCCC,GGG,40.4061517,57.18487176
18088,-1,CAACTTGTTCAGTGGAGCCC,CGG,39.0891791,50.92033501
18096,-1,GTGCAGGCCAACTTGTTCAG,TGG,40.9615635,65.66861351
18100,1,CGGGGCTCCACTGAACAAGT,TGG,42.7698845,60.27288347
18110,1,CTGAACAAGTTGGCCTGCAC,TGG,42.8239353,52.58906815
18112,-1,CCACAACAAAACACCAGTGC,AGG,39.3766934,54.00663104
18123,1,CCTGCACTGGTGTTTTGTTG,TGG,38.5664032,44.41292456
18124,1,CTGCACTGGTGTTTTGTTGT,GGG,38.0875425,39.28372174
18125,1,TGCACTGGTGTTTTGTTGTG,GGG,36.7599602,48.23438132
18128,1,ACTGGTGTTTTGTTGTGGGG,AGG,34.6226952,57.56454658
18131,1,GGTGTTTTGTTGTGGGGAGG,AGG,27.0312253,47.00035626
18135,1,TTTTGTTGTGGGGAGGAGGA,TGG,24.8411803,40.54543495
18136,1,TTTGTTGTGGGGAGGAGGAT,GGG,27.3023401,35.60412199
18137,1,TTGTTGTGGGGAGGAGGATG,GGG,25.2382887,38.73383327
18143,1,TGGGGAGGAGGATGGGGAGT,AGG,15.1133415,45.90278133
18160,-1,AAAAACCTTAAAATCTAAGC,TGG,34.1883874,50.17873154
18166,1,ACATACCAGCTTAGATTTTA,AGG,36.0736792,16.02028097
18180,1,ATTTTAAGGTTTTTACTGTG,AGG,32.9128821,52.74911823
18181,1,TTTTAAGGTTTTTACTGTGA,GGG,32.4016154,49.21109068
18189,1,TTTTTACTGTGAGGGATGTT,TGG,39.3282248,36.58791678
18190,1,TTTTACTGTGAGGGATGTTT,GGG,35.2056632,31.13075954
18219,1,AAGAAATGTTCTTGCAGTTA,AGG,34.2311332,31.41599136
18220,1,AGAAATGTTCTTGCAGTTAA,GGG,35.1403963,41.43361679
18247,1,TTTACAATCAGCCACATTCT,AGG,32.209184,38.99613109
18247,-1,GTGGGCCCCTACCTAGAATG,TGG,44.1106129,64.13882761
18251,1,CAATCAGCCACATTCTAGGT,AGG,39.3523984,45.3652741
18252,1,AATCAGCCACATTCTAGGTA,GGG,40.2902147,47.01975634
18253,1,ATCAGCCACATTCTAGGTAG,GGG,42.1382591,56.3147678
18265,-1,CCTGGTTAGTACGGTGAAGT,GGG,46.5868014,53.41072553
18266,-1,CCCTGGTTAGTACGGTGAAG,TGG,46.9464315,49.28769477
18274,-1,GACAGCTTCCCTGGTTAGTA,CGG,42.8328339,41.25414161
18276,1,CCCACTTCACCGTACTAACC,AGG,47.6665181,43.00180699
18277,1,CCACTTCACCGTACTAACCA,GGG,45.1868699,68.78669825
18283,-1,ACAGTGAGGGACAGCTTCCC,TGG,35.6838019,45.99432276
18296,-1,tagagaAAATTCAACAGTGA,GGG,46.9239854,63.08127695
18297,-1,ttagagaAAATTCAACAGTG,AGG,52.8419656,66.30908058
18316,1,TTGAATTTtctctaacttca,agg,41.3157698,36.33538922
18328,-1,tgccagcatttcacagatat,ggg,59.6510006,42.9721254
18329,-1,atgccagcatttcacagata,tgg,52.8666587,40.4631504
18337,1,ggcccatatctgtgaaatgc,tgg,67.9424061,49.4452787
18357,-1,cacaatgcactctgtgaggt,agg,63.5777212,58.57582539
18361,-1,ccctcacaatgcactctgtg,agg,61.2815786,64.1659037
18371,1,acctcacagagtgcattgtg,agg,70.9459335,66.95586111
18372,1,cctcacagagtgcattgtga,ggg,64.3487136,65.6069907
18395,1,ttaatgaaataatgtacatc,tgg,46.9956346,46.25192337
18407,-1,TGTAATAAAAGGTGgtttca,agg,56.028784,41.5706085
18415,-1,AGACCCCATGTAATAAAAGG,TGg,61.5797121,60.83129707
18418,-1,TCTAGACCCCATGTAATAAA,AGG,39.9586295,37.88778089
18421,1,tgaaacCACCTTTTATTACA,TGG,53.5025146,41.06622628
18422,1,gaaacCACCTTTTATTACAT,GGG,56.3564355,48.52488656
18423,1,aaacCACCTTTTATTACATG,GGG,56.0247156,59.04175808
18446,1,TCTAGAACTTGACCCCCTTG,AGG,44.7021494,55.47489997
18447,1,CTAGAACTTGACCCCCTTGA,GGG,44.7195345,48.28788201
18447,-1,GGGAACAAGCACCCTCAAGG,GGG,39.1620912,73.01399074
18448,-1,AGGGAACAAGCACCCTCAAG,GGG,40.6491134,60.25778255
18449,-1,GAGGGAACAAGCACCCTCAA,GGG,41.08099,58.98197351
18450,-1,AGAGGGAACAAGCACCCTCA,AGG,38.1243664,50.51782391
18467,-1,CCCACCGACCAACAGGGAGA,GGG,38.0156194,56.5114234
18468,-1,ACCCACCGACCAACAGGGAG,AGG,40.4270637,46.62723455
18470,1,TGCTTGTTCCCTCTCCCTGT,TGG,31.6607854,47.24007658
18473,-1,TACCAACCCACCGACCAACA,GGG,44.2867061,67.42986603
18474,1,TGTTCCCTCTCCCTGTTGGT,CGG,39.0580296,56.58166908
18474,-1,CTACCAACCCACCGACCAAC,AGG,46.8898834,33.17517203
18477,1,TCCCTCTCCCTGTTGGTCGG,TGG,44.200554,48.17141186
18478,1,CCCTCTCCCTGTTGGTCGGT,GGG,43.8837749,42.67690033
18482,1,CTCCCTGTTGGTCGGTGGGT,TGG,43.1756071,44.02768516
18498,1,GGGTTGGTAGTTTCTACAGT,TGG,42.4154792,39.16795931
18499,1,GGTTGGTAGTTTCTACAGTT,GGG,42.913425,45.49371355
18506,1,AGTTTCTACAGTTGGGCAGC,TGG,37.2315194,44.41750111
18511,1,CTACAGTTGGGCAGCTGGTT,AGG,41.3340064,36.96650653
18517,1,TTGGGCAGCTGGTTAGGTAG,AGG,42.5870431,53.00915493
18518,1,TGGGCAGCTGGTTAGGTAGA,GGG,34.8615454,47.10058685
18538,1,GGGAGTTGTCAAGTCTCTGC,TGG,41.1748893,50.27931778
18550,-1,TTGTCAGACAGGGTTTGGCT,GGG,40.1650249,55.1910476
18551,-1,GTTGTCAGACAGGGTTTGGC,TGG,40.4414127,35.49806776
18555,-1,AGAGGTTGTCAGACAGGGTT,TGG,39.4302199,41.07024948
18560,-1,CACCAAGAGGTTGTCAGACA,GGG,40.0466405,56.49143753
18561,-1,TCACCAAGAGGTTGTCAGAC,AGG,43.146044,48.47296582
18569,1,AACCCTGTCTGACAACCTCT,TGG,41.5348869,53.60524509
18573,-1,AGGTACTAAGGTTCACCAAG,AGG,42.5692384,59.51975084
18585,-1,AGATTTCCTTTTAGGTACTA,AGG,38.6467486,39.20771646
18590,1,GGTGAACCTTAGTACCTAAA,AGG,44.5037311,40.71058612
18593,-1,ATGGGGTGAGATTTCCTTTT,AGG,33.935573,20.52380163
18610,-1,ATCCTCCAGGGTGTGGGATG,GGG,31.5840927,50.01346923
18611,-1,AATCCTCCAGGGTGTGGGAT,GGG,38.25473,45.55468189
18612,-1,AAATCCTCCAGGGTGTGGGA,TGG,35.4927197,50.16155028
18616,1,TCTCACCCCATCCCACACCC,TGG,27.7387347,57.99024948
18616,-1,GATGAAATCCTCCAGGGTGT,GGG,38.5056181,57.20066118
18617,-1,AGATGAAATCCTCCAGGGTG,TGG,35.2936447,47.63339097
18619,1,CACCCCATCCCACACCCTGG,AGG,24.3958077,67.37153004
18622,-1,ACAAGAGATGAAATCCTCCA,GGG,35.8433021,65.7729433
18623,-1,TACAAGAGATGAAATCCTCC,AGG,38.1586503,53.77390417
18647,1,ATCTCTTGTATATGATGATC,TGG,32.5318155,31.38305819
18661,-1,GAGCATAAAACAAGTCTTGG,TGG,37.7674857,57.05555485
18664,-1,CCTGAGCATAAAACAAGTCT,TGG,39.2453482,47.66825623
18675,1,CCAAGACTTGTTTTATGCTC,AGG,40.4810998,36.67920354
18676,1,CAAGACTTGTTTTATGCTCA,GGG,40.0321641,52.56416014
18727,1,tttttctttttctttgagac,tgg,35.6433985,25.64709257
18728,1,ttttctttttctttgagact,ggg,32.519678,41.04586921
18747,1,tgggtctcgctttgttgccc,agg,38.4892929,37.26666626
18751,1,tctcgctttgttgcccaggc,tgg,13.1357262,33.45495914
18753,-1,acgccactccactccagcct,ggg,29.1303718,51.61019716
18754,-1,cacgccactccactccagcc,tgg,26.0335993,45.93385848
18756,1,ctttgttgcccaggctggag,tgg,18.8150536,46.98581797
18761,1,ttgcccaggctggagtggag,tgg,20.887723,62.35734693
18772,1,ggagtggagtggcgtgatct,tgg,70.3404133,36.4060216
18794,-1,tgctcgagccggggaggcaa,agg,70.5318262,39.99057967
18797,1,tactgcagcctttgcctccc,cgg,31.2247561,34.8646364
18800,-1,caggactgctcgagccgggg,agg,71.6928084,53.82164164
18803,-1,aggcaggactgctcgagccg,ggg,85.0188536,56.08942058
18804,-1,gaggcaggactgctcgagcc,ggg,76.1496632,39.65670749
18805,-1,tgaggcaggactgctcgagc,cgg,79.3103826,42.00585039
18819,-1,gctactccggaggctgaggc,agg,15.3394414,42.04192899
18823,-1,cccagctactccggaggctg,agg,24.6686968,44.06616504
18824,1,agcagtcctgcctcagcctc,cgg,39.9369017,44.92014713
18829,-1,tgtggtcccagctactccgg,agg,22.0466249,66.21138336
18832,-1,acctgtggtcccagctactc,cgg,22.9785006,44.63258929
18833,1,gcctcagcctccggagtagc,tgg,36.6528598,25.45772445
18834,1,cctcagcctccggagtagct,ggg,28.4067756,45.19822955
18842,1,tccggagtagctgggaccac,agg,53.3803274,51.16777806
18847,-1,gccatggtggcatgaacctg,tgg,63.7462414,59.12687041
18857,1,accacaggttcatgccacca,tgg,69.8685872,65.10913485
18860,-1,caaaagttggctggccatgg,tgg,53.0851804,63.91549755
18863,-1,atgcaaaagttggctggcca,tgg,62.8830002,55.63189773
18869,-1,caaaacatgcaaaagttggc,tgg,58.4659948,54.58490967
18873,-1,tctacaaaacatgcaaaagt,tgg,47.276855,49.47500155
18889,1,ttttgcatgttttgtagaga,tgg,42.1755191,41.90578502
18890,1,tttgcatgttttgtagagat,ggg,44.2900378,42.51890094
18891,1,ttgcatgttttgtagagatg,ggg,47.4662059,57.52059107
18910,1,ggggtctcacagtgttgccc,agg,36.7874922,47.91373744
18914,1,tctcacagtgttgcccaggc,tgg,23.1255681,40.05226796
18916,-1,caggagtttgagaccagcct,ggg,14.0951411,62.98621114
18917,-1,ccaggagtttgagaccagcc,tgg,15.9104667,51.41787528
18928,1,ccaggctggtctcaaactcc,tgg,16.6345142,33.09813124
18929,1,caggctggtctcaaactcct,ggg,31.0648645,47.80031578
18935,1,ggtctcaaactcctgggctc,agg,22.6416631,45.75402015
18935,-1,caggtggatcgcctgagccc,agg,59.0242253,48.65580519
18951,-1,ctctgggaggctgagacagg,tgg,29.4624478,55.35308803
18954,-1,gcactctgggaggctgagac,agg,44.7306318,49.45819756
18964,-1,tgtaatcccagcactctggg,agg,17.1571923,67.30387974
18967,-1,aattgtaatcccagcactct,ggg,48.250217,45.52423278
18968,1,gtctcagcctcccagagtgc,tgg,47.5053579,35.04226008
18968,-1,caattgtaatcccagcactc,tgg,52.0347998,49.55782109
18969,1,tctcagcctcccagagtgct,ggg,49.8346018,47.22463939
18995,-1,ACCCTTCCAgctggacgtgg,tgg,74.4622321,56.67893223
18998,-1,TTGACCCTTCCAgctggacg,tgg,75.2119963,58.01783133
19000,1,tgtgagccaccacgtccagc,TGG,54.0404165,48.04081413
19004,1,agccaccacgtccagcTGGA,AGG,59.9358479,53.2540995
19004,-1,AAGATGTTGACCCTTCCAgc,tgg,66.4475348,55.35952598
19005,1,gccaccacgtccagcTGGAA,GGG,62.6822403,58.14044137
19057,-1,GGAGAAGGAGGGGAAGGGTG,GGG,20.226468,50.79753262
19058,-1,GGGAGAAGGAGGGGAAGGGT,GGG,19.413227,48.66154462
19059,-1,AGGGAGAAGGAGGGGAAGGG,TGG,16.6814608,32.91200353
19062,-1,AAAAGGGAGAAGGAGGGGAA,GGG,20.6036707,50.57909694
19063,-1,AAAAAGGGAGAAGGAGGGGA,AGG,18.8165201,47.23028447
19067,-1,ATATAAAAAGGGAGAAGGAG,GGG,19.5638199,58.75522754
19068,-1,GATATAAAAAGGGAGAAGGA,GGG,23.5238559,55.90942437
19069,-1,GGATATAAAAAGGGAGAAGG,AGG,25.6201256,45.21695434
19072,-1,ATGGGATATAAAAAGGGAGA,AGG,21.2536139,52.74734241
19078,-1,ATAAAAATGGGATATAAAAA,GGG,24.9532294,44.05687103
19079,-1,TATAAAAATGGGATATAAAA,AGG,26.3844705,15.8573132
19090,-1,TAAGAGATCGATATAAAAAT,GGG,30.3783354,39.6983981
19091,-1,ATAAGAGATCGATATAAAAA,TGG,32.0879995,40.17833169
19140,1,TGCTGCCACCTGTGTGTCTG,AGG,30.391422,46.80579432
19141,1,GCTGCCACCTGTGTGTCTGA,GGG,33.8948719,50.94945572
19142,1,CTGCCACCTGTGTGTCTGAG,GGG,34.2892958,59.4234031
